product,age_group,gender,state,ry,rydesc,prjtrx
MOUNJARO,20 to 39,FEMALE,MI,1,Nov 2024 - Oct 2025,40527
MOUNJARO,20 to 39,FEMALE,MI,2,Nov 2023 - Oct 2024,29411
MOUNJARO,20 to 39,FEMALE,MI,3,Nov 2022 - Oct 2023,24166
MOUNJARO,20 to 39,FEMALE,OH,1,Nov 2024 - Oct 2025,44339
MOUNJARO,20 to 39,FEMALE,OH,2,Nov 2023 - Oct 2024,37561
MOUNJARO,20 to 39,FEMALE,OH,3,Nov 2022 - Oct 2023,41367
MOUNJARO,20 to 39,MALE,MI,1,Nov 2024 - Oct 2025,24288
MOUNJARO,20 to 39,MALE,MI,2,Nov 2023 - Oct 2024,14874
MOUNJARO,20 to 39,MALE,MI,3,Nov 2022 - Oct 2023,7489
MOUNJARO,20 to 39,MALE,OH,1,Nov 2024 - Oct 2025,24300
MOUNJARO,20 to 39,MALE,OH,2,Nov 2023 - Oct 2024,15686
MOUNJARO,20 to 39,MALE,OH,3,Nov 2022 - Oct 2023,9680
MOUNJARO,20 to 39,UNKNOWN,MI,1,Nov 2024 - Oct 2025,10
MOUNJARO,20 to 39,UNKNOWN,OH,1,Nov 2024 - Oct 2025,29
MOUNJARO,20 to 39,UNKNOWN,OH,2,Nov 2023 - Oct 2024,7
MOUNJARO,20 to 39,UNKNOWN,OH,3,Nov 2022 - Oct 2023,2
MOUNJARO,40 to 59,FEMALE,MI,1,Nov 2024 - Oct 2025,264033
MOUNJARO,40 to 59,FEMALE,MI,2,Nov 2023 - Oct 2024,179595
MOUNJARO,40 to 59,FEMALE,MI,3,Nov 2022 - Oct 2023,96220
MOUNJARO,40 to 59,FEMALE,OH,1,Nov 2024 - Oct 2025,293150
MOUNJARO,40 to 59,FEMALE,OH,2,Nov 2023 - Oct 2024,205876
MOUNJARO,40 to 59,FEMALE,OH,3,Nov 2022 - Oct 2023,135887
MOUNJARO,40 to 59,MALE,MI,1,Nov 2024 - Oct 2025,207910
MOUNJARO,40 to 59,MALE,MI,2,Nov 2023 - Oct 2024,126503
MOUNJARO,40 to 59,MALE,MI,3,Nov 2022 - Oct 2023,51867
MOUNJARO,40 to 59,MALE,OH,1,Nov 2024 - Oct 2025,209911
MOUNJARO,40 to 59,MALE,OH,2,Nov 2023 - Oct 2024,126089
MOUNJARO,40 to 59,MALE,OH,3,Nov 2022 - Oct 2023,57285
MOUNJARO,40 to 59,UNKNOWN,MI,1,Nov 2024 - Oct 2025,15
MOUNJARO,40 to 59,UNKNOWN,MI,2,Nov 2023 - Oct 2024,0
MOUNJARO,40 to 59,UNKNOWN,MI,3,Nov 2022 - Oct 2023,1
MOUNJARO,40 to 59,UNKNOWN,OH,1,Nov 2024 - Oct 2025,58
MOUNJARO,40 to 59,UNKNOWN,OH,2,Nov 2023 - Oct 2024,38
MOUNJARO,40 to 59,UNKNOWN,OH,3,Nov 2022 - Oct 2023,14
MOUNJARO,60 to 64,FEMALE,MI,1,Nov 2024 - Oct 2025,93336
MOUNJARO,60 to 64,FEMALE,MI,2,Nov 2023 - Oct 2024,58087
MOUNJARO,60 to 64,FEMALE,MI,3,Nov 2022 - Oct 2023,23233
MOUNJARO,60 to 64,FEMALE,OH,1,Nov 2024 - Oct 2025,96047
MOUNJARO,60 to 64,FEMALE,OH,2,Nov 2023 - Oct 2024,58475
MOUNJARO,60 to 64,FEMALE,OH,3,Nov 2022 - Oct 2023,26324
MOUNJARO,60 to 64,MALE,MI,1,Nov 2024 - Oct 2025,81532
MOUNJARO,60 to 64,MALE,MI,2,Nov 2023 - Oct 2024,48625
MOUNJARO,60 to 64,MALE,MI,3,Nov 2022 - Oct 2023,16499
MOUNJARO,60 to 64,MALE,OH,1,Nov 2024 - Oct 2025,74031
MOUNJARO,60 to 64,MALE,OH,2,Nov 2023 - Oct 2024,41191
MOUNJARO,60 to 64,MALE,OH,3,Nov 2022 - Oct 2023,15670
MOUNJARO,60 to 64,UNKNOWN,MI,1,Nov 2024 - Oct 2025,8
MOUNJARO,60 to 64,UNKNOWN,MI,2,Nov 2023 - Oct 2024,2
MOUNJARO,60 to 64,UNKNOWN,OH,1,Nov 2024 - Oct 2025,26
MOUNJARO,60 to 64,UNKNOWN,OH,2,Nov 2023 - Oct 2024,3
MOUNJARO,60 to 64,UNKNOWN,OH,3,Nov 2022 - Oct 2023,1
MOUNJARO,65 to 74,FEMALE,MI,1,Nov 2024 - Oct 2025,152803
MOUNJARO,65 to 74,FEMALE,MI,2,Nov 2023 - Oct 2024,76200
MOUNJARO,65 to 74,FEMALE,MI,3,Nov 2022 - Oct 2023,21320
MOUNJARO,65 to 74,FEMALE,OH,1,Nov 2024 - Oct 2025,142810
MOUNJARO,65 to 74,FEMALE,OH,2,Nov 2023 - Oct 2024,67853
MOUNJARO,65 to 74,FEMALE,OH,3,Nov 2022 - Oct 2023,21113
MOUNJARO,65 to 74,MALE,MI,1,Nov 2024 - Oct 2025,122851
MOUNJARO,65 to 74,MALE,MI,2,Nov 2023 - Oct 2024,59813
MOUNJARO,65 to 74,MALE,MI,3,Nov 2022 - Oct 2023,15911
MOUNJARO,65 to 74,MALE,OH,1,Nov 2024 - Oct 2025,105150
MOUNJARO,65 to 74,MALE,OH,2,Nov 2023 - Oct 2024,46763
MOUNJARO,65 to 74,MALE,OH,3,Nov 2022 - Oct 2023,13636
MOUNJARO,65 to 74,UNKNOWN,MI,1,Nov 2024 - Oct 2025,5
MOUNJARO,65 to 74,UNKNOWN,MI,2,Nov 2023 - Oct 2024,3
MOUNJARO,65 to 74,UNKNOWN,MI,3,Nov 2022 - Oct 2023,1
MOUNJARO,65 to 74,UNKNOWN,OH,1,Nov 2024 - Oct 2025,11
MOUNJARO,65 to 74,UNKNOWN,OH,2,Nov 2023 - Oct 2024,3
MOUNJARO,65 to 74,UNKNOWN,OH,3,Nov 2022 - Oct 2023,2
MOUNJARO,75 to 84,FEMALE,MI,1,Nov 2024 - Oct 2025,48271
MOUNJARO,75 to 84,FEMALE,MI,2,Nov 2023 - Oct 2024,21384
MOUNJARO,75 to 84,FEMALE,MI,3,Nov 2022 - Oct 2023,4594
MOUNJARO,75 to 84,FEMALE,OH,1,Nov 2024 - Oct 2025,39780
MOUNJARO,75 to 84,FEMALE,OH,2,Nov 2023 - Oct 2024,16029
MOUNJARO,75 to 84,FEMALE,OH,3,Nov 2022 - Oct 2023,3918
MOUNJARO,75 to 84,MALE,MI,1,Nov 2024 - Oct 2025,36537
MOUNJARO,75 to 84,MALE,MI,2,Nov 2023 - Oct 2024,15769
MOUNJARO,75 to 84,MALE,MI,3,Nov 2022 - Oct 2023,3522
MOUNJARO,75 to 84,MALE,OH,1,Nov 2024 - Oct 2025,27063
MOUNJARO,75 to 84,MALE,OH,2,Nov 2023 - Oct 2024,10449
MOUNJARO,75 to 84,MALE,OH,3,Nov 2022 - Oct 2023,2494
MOUNJARO,75 to 84,UNKNOWN,MI,1,Nov 2024 - Oct 2025,8
MOUNJARO,75 to 84,UNKNOWN,MI,2,Nov 2023 - Oct 2024,1
MOUNJARO,85+,FEMALE,MI,1,Nov 2024 - Oct 2025,3241
MOUNJARO,85+,FEMALE,MI,2,Nov 2023 - Oct 2024,1404
MOUNJARO,85+,FEMALE,MI,3,Nov 2022 - Oct 2023,198
MOUNJARO,85+,FEMALE,OH,1,Nov 2024 - Oct 2025,2185
MOUNJARO,85+,FEMALE,OH,2,Nov 2023 - Oct 2024,721
MOUNJARO,85+,FEMALE,OH,3,Nov 2022 - Oct 2023,135
MOUNJARO,85+,MALE,MI,1,Nov 2024 - Oct 2025,3022
MOUNJARO,85+,MALE,MI,2,Nov 2023 - Oct 2024,1193
MOUNJARO,85+,MALE,MI,3,Nov 2022 - Oct 2023,193
MOUNJARO,85+,MALE,OH,1,Nov 2024 - Oct 2025,1647
MOUNJARO,85+,MALE,OH,2,Nov 2023 - Oct 2024,564
MOUNJARO,85+,MALE,OH,3,Nov 2022 - Oct 2023,146
MOUNJARO,85+,UNKNOWN,MI,2,Nov 2023 - Oct 2024,0
MOUNJARO,Under 20,FEMALE,MI,1,Nov 2024 - Oct 2025,307
MOUNJARO,Under 20,FEMALE,MI,2,Nov 2023 - Oct 2024,230
MOUNJARO,Under 20,FEMALE,MI,3,Nov 2022 - Oct 2023,166
MOUNJARO,Under 20,FEMALE,OH,1,Nov 2024 - Oct 2025,302
MOUNJARO,Under 20,FEMALE,OH,2,Nov 2023 - Oct 2024,285
MOUNJARO,Under 20,FEMALE,OH,3,Nov 2022 - Oct 2023,266
MOUNJARO,Under 20,MALE,MI,1,Nov 2024 - Oct 2025,160
MOUNJARO,Under 20,MALE,MI,2,Nov 2023 - Oct 2024,120
MOUNJARO,Under 20,MALE,MI,3,Nov 2022 - Oct 2023,63
MOUNJARO,Under 20,MALE,OH,1,Nov 2024 - Oct 2025,197
MOUNJARO,Under 20,MALE,OH,2,Nov 2023 - Oct 2024,172
MOUNJARO,Under 20,MALE,OH,3,Nov 2022 - Oct 2023,117
MOUNJARO,Unspecified,FEMALE,MI,1,Nov 2024 - Oct 2025,14
MOUNJARO,Unspecified,FEMALE,MI,3,Nov 2022 - Oct 2023,14
MOUNJARO,Unspecified,FEMALE,OH,1,Nov 2024 - Oct 2025,24
MOUNJARO,Unspecified,FEMALE,OH,2,Nov 2023 - Oct 2024,948
MOUNJARO,Unspecified,FEMALE,OH,3,Nov 2022 - Oct 2023,1124
MOUNJARO,Unspecified,MALE,MI,1,Nov 2024 - Oct 2025,38
MOUNJARO,Unspecified,MALE,MI,2,Nov 2023 - Oct 2024,11
MOUNJARO,Unspecified,MALE,MI,3,Nov 2022 - Oct 2023,15
MOUNJARO,Unspecified,MALE,OH,1,Nov 2024 - Oct 2025,14
MOUNJARO,Unspecified,MALE,OH,2,Nov 2023 - Oct 2024,557
MOUNJARO,Unspecified,MALE,OH,3,Nov 2022 - Oct 2023,457
MOUNJARO,Unspecified,UNKNOWN,MI,1,Nov 2024 - Oct 2025,3679
MOUNJARO,Unspecified,UNKNOWN,MI,2,Nov 2023 - Oct 2024,2188
MOUNJARO,Unspecified,UNKNOWN,MI,3,Nov 2022 - Oct 2023,778
MOUNJARO,Unspecified,UNKNOWN,OH,2,Nov 2023 - Oct 2024,148
MOUNJARO,Unspecified,UNKNOWN,OH,3,Nov 2022 - Oct 2023,157
OZEMPIC,20 to 39,FEMALE,MI,1,Nov 2024 - Oct 2025,29896
OZEMPIC,20 to 39,FEMALE,MI,2,Nov 2023 - Oct 2024,29145
OZEMPIC,20 to 39,FEMALE,MI,3,Nov 2022 - Oct 2023,33334
OZEMPIC,20 to 39,FEMALE,OH,1,Nov 2024 - Oct 2025,32918
OZEMPIC,20 to 39,FEMALE,OH,2,Nov 2023 - Oct 2024,42621
OZEMPIC,20 to 39,FEMALE,OH,3,Nov 2022 - Oct 2023,49254
OZEMPIC,20 to 39,MALE,MI,1,Nov 2024 - Oct 2025,17983
OZEMPIC,20 to 39,MALE,MI,2,Nov 2023 - Oct 2024,15833
OZEMPIC,20 to 39,MALE,MI,3,Nov 2022 - Oct 2023,14105
OZEMPIC,20 to 39,MALE,OH,1,Nov 2024 - Oct 2025,21323
OZEMPIC,20 to 39,MALE,OH,2,Nov 2023 - Oct 2024,22070
OZEMPIC,20 to 39,MALE,OH,3,Nov 2022 - Oct 2023,17041
OZEMPIC,20 to 39,UNKNOWN,MI,1,Nov 2024 - Oct 2025,9
OZEMPIC,20 to 39,UNKNOWN,OH,2,Nov 2023 - Oct 2024,1
OZEMPIC,20 to 39,UNKNOWN,OH,3,Nov 2022 - Oct 2023,6
OZEMPIC,40 to 59,FEMALE,MI,1,Nov 2024 - Oct 2025,189383
OZEMPIC,40 to 59,FEMALE,MI,2,Nov 2023 - Oct 2024,195694
OZEMPIC,40 to 59,FEMALE,MI,3,Nov 2022 - Oct 2023,179265
OZEMPIC,40 to 59,FEMALE,OH,1,Nov 2024 - Oct 2025,241828
OZEMPIC,40 to 59,FEMALE,OH,2,Nov 2023 - Oct 2024,275493
OZEMPIC,40 to 59,FEMALE,OH,3,Nov 2022 - Oct 2023,231300
OZEMPIC,40 to 59,MALE,MI,1,Nov 2024 - Oct 2025,161282
OZEMPIC,40 to 59,MALE,MI,2,Nov 2023 - Oct 2024,151483
OZEMPIC,40 to 59,MALE,MI,3,Nov 2022 - Oct 2023,116179
OZEMPIC,40 to 59,MALE,OH,1,Nov 2024 - Oct 2025,211363
OZEMPIC,40 to 59,MALE,OH,2,Nov 2023 - Oct 2024,206590
OZEMPIC,40 to 59,MALE,OH,3,Nov 2022 - Oct 2023,140112
OZEMPIC,40 to 59,UNKNOWN,MI,1,Nov 2024 - Oct 2025,14
OZEMPIC,40 to 59,UNKNOWN,MI,2,Nov 2023 - Oct 2024,8
OZEMPIC,40 to 59,UNKNOWN,MI,3,Nov 2022 - Oct 2023,9
OZEMPIC,40 to 59,UNKNOWN,OH,1,Nov 2024 - Oct 2025,112
OZEMPIC,40 to 59,UNKNOWN,OH,2,Nov 2023 - Oct 2024,30
OZEMPIC,40 to 59,UNKNOWN,OH,3,Nov 2022 - Oct 2023,38
OZEMPIC,60 to 64,FEMALE,MI,1,Nov 2024 - Oct 2025,77626
OZEMPIC,60 to 64,FEMALE,MI,2,Nov 2023 - Oct 2024,74303
OZEMPIC,60 to 64,FEMALE,MI,3,Nov 2022 - Oct 2023,55773
OZEMPIC,60 to 64,FEMALE,OH,1,Nov 2024 - Oct 2025,99246
OZEMPIC,60 to 64,FEMALE,OH,2,Nov 2023 - Oct 2024,100368
OZEMPIC,60 to 64,FEMALE,OH,3,Nov 2022 - Oct 2023,67543
OZEMPIC,60 to 64,MALE,MI,1,Nov 2024 - Oct 2025,67492
OZEMPIC,60 to 64,MALE,MI,2,Nov 2023 - Oct 2024,62092
OZEMPIC,60 to 64,MALE,MI,3,Nov 2022 - Oct 2023,44811
OZEMPIC,60 to 64,MALE,OH,1,Nov 2024 - Oct 2025,87023
OZEMPIC,60 to 64,MALE,OH,2,Nov 2023 - Oct 2024,79169
OZEMPIC,60 to 64,MALE,OH,3,Nov 2022 - Oct 2023,48982
OZEMPIC,60 to 64,UNKNOWN,MI,1,Nov 2024 - Oct 2025,2
OZEMPIC,60 to 64,UNKNOWN,MI,2,Nov 2023 - Oct 2024,6
OZEMPIC,60 to 64,UNKNOWN,OH,1,Nov 2024 - Oct 2025,22
OZEMPIC,60 to 64,UNKNOWN,OH,2,Nov 2023 - Oct 2024,17
OZEMPIC,60 to 64,UNKNOWN,OH,3,Nov 2022 - Oct 2023,0
OZEMPIC,65 to 74,FEMALE,MI,1,Nov 2024 - Oct 2025,137476
OZEMPIC,65 to 74,FEMALE,MI,2,Nov 2023 - Oct 2024,123861
OZEMPIC,65 to 74,FEMALE,MI,3,Nov 2022 - Oct 2023,83876
OZEMPIC,65 to 74,FEMALE,OH,1,Nov 2024 - Oct 2025,176897
OZEMPIC,65 to 74,FEMALE,OH,2,Nov 2023 - Oct 2024,155196
OZEMPIC,65 to 74,FEMALE,OH,3,Nov 2022 - Oct 2023,94724
OZEMPIC,65 to 74,MALE,MI,1,Nov 2024 - Oct 2025,112899
OZEMPIC,65 to 74,MALE,MI,2,Nov 2023 - Oct 2024,93123
OZEMPIC,65 to 74,MALE,MI,3,Nov 2022 - Oct 2023,61967
OZEMPIC,65 to 74,MALE,OH,1,Nov 2024 - Oct 2025,142640
OZEMPIC,65 to 74,MALE,OH,2,Nov 2023 - Oct 2024,114687
OZEMPIC,65 to 74,MALE,OH,3,Nov 2022 - Oct 2023,66899
OZEMPIC,65 to 74,UNKNOWN,MI,1,Nov 2024 - Oct 2025,7
OZEMPIC,65 to 74,UNKNOWN,MI,2,Nov 2023 - Oct 2024,17
OZEMPIC,65 to 74,UNKNOWN,MI,3,Nov 2022 - Oct 2023,6
OZEMPIC,65 to 74,UNKNOWN,OH,1,Nov 2024 - Oct 2025,7
OZEMPIC,65 to 74,UNKNOWN,OH,2,Nov 2023 - Oct 2024,1
OZEMPIC,65 to 74,UNKNOWN,OH,3,Nov 2022 - Oct 2023,2
OZEMPIC,75 to 84,FEMALE,MI,1,Nov 2024 - Oct 2025,50601
OZEMPIC,75 to 84,FEMALE,MI,2,Nov 2023 - Oct 2024,39097
OZEMPIC,75 to 84,FEMALE,MI,3,Nov 2022 - Oct 2023,22368
OZEMPIC,75 to 84,FEMALE,OH,1,Nov 2024 - Oct 2025,60917
OZEMPIC,75 to 84,FEMALE,OH,2,Nov 2023 - Oct 2024,44449
OZEMPIC,75 to 84,FEMALE,OH,3,Nov 2022 - Oct 2023,22488
OZEMPIC,75 to 84,MALE,MI,1,Nov 2024 - Oct 2025,40018
OZEMPIC,75 to 84,MALE,MI,2,Nov 2023 - Oct 2024,30147
OZEMPIC,75 to 84,MALE,MI,3,Nov 2022 - Oct 2023,17684
OZEMPIC,75 to 84,MALE,OH,1,Nov 2024 - Oct 2025,46261
OZEMPIC,75 to 84,MALE,OH,2,Nov 2023 - Oct 2024,32896
OZEMPIC,75 to 84,MALE,OH,3,Nov 2022 - Oct 2023,16718
OZEMPIC,75 to 84,UNKNOWN,MI,1,Nov 2024 - Oct 2025,5
OZEMPIC,75 to 84,UNKNOWN,OH,1,Nov 2024 - Oct 2025,1
OZEMPIC,75 to 84,UNKNOWN,OH,3,Nov 2022 - Oct 2023,0
OZEMPIC,85+,FEMALE,MI,1,Nov 2024 - Oct 2025,4238
OZEMPIC,85+,FEMALE,MI,2,Nov 2023 - Oct 2024,3126
OZEMPIC,85+,FEMALE,MI,3,Nov 2022 - Oct 2023,1633
OZEMPIC,85+,FEMALE,OH,1,Nov 2024 - Oct 2025,4674
OZEMPIC,85+,FEMALE,OH,2,Nov 2023 - Oct 2024,3486
OZEMPIC,85+,FEMALE,OH,3,Nov 2022 - Oct 2023,1870
OZEMPIC,85+,MALE,MI,1,Nov 2024 - Oct 2025,3917
OZEMPIC,85+,MALE,MI,2,Nov 2023 - Oct 2024,2573
OZEMPIC,85+,MALE,MI,3,Nov 2022 - Oct 2023,1285
OZEMPIC,85+,MALE,OH,1,Nov 2024 - Oct 2025,3900
OZEMPIC,85+,MALE,OH,2,Nov 2023 - Oct 2024,2503
OZEMPIC,85+,MALE,OH,3,Nov 2022 - Oct 2023,1339
OZEMPIC,85+,UNKNOWN,MI,2,Nov 2023 - Oct 2024,2
OZEMPIC,85+,UNKNOWN,MI,3,Nov 2022 - Oct 2023,22
OZEMPIC,85+,UNKNOWN,OH,3,Nov 2022 - Oct 2023,4
OZEMPIC,Under 20,FEMALE,MI,1,Nov 2024 - Oct 2025,594
OZEMPIC,Under 20,FEMALE,MI,2,Nov 2023 - Oct 2024,487
OZEMPIC,Under 20,FEMALE,MI,3,Nov 2022 - Oct 2023,402
OZEMPIC,Under 20,FEMALE,OH,1,Nov 2024 - Oct 2025,473
OZEMPIC,Under 20,FEMALE,OH,2,Nov 2023 - Oct 2024,722
OZEMPIC,Under 20,FEMALE,OH,3,Nov 2022 - Oct 2023,794
OZEMPIC,Under 20,MALE,MI,1,Nov 2024 - Oct 2025,288
OZEMPIC,Under 20,MALE,MI,2,Nov 2023 - Oct 2024,227
OZEMPIC,Under 20,MALE,MI,3,Nov 2022 - Oct 2023,308
OZEMPIC,Under 20,MALE,OH,1,Nov 2024 - Oct 2025,288
OZEMPIC,Under 20,MALE,OH,2,Nov 2023 - Oct 2024,309
OZEMPIC,Under 20,MALE,OH,3,Nov 2022 - Oct 2023,315
OZEMPIC,Unspecified,FEMALE,MI,1,Nov 2024 - Oct 2025,39
OZEMPIC,Unspecified,FEMALE,MI,2,Nov 2023 - Oct 2024,9
OZEMPIC,Unspecified,FEMALE,MI,3,Nov 2022 - Oct 2023,41
OZEMPIC,Unspecified,FEMALE,OH,1,Nov 2024 - Oct 2025,22
OZEMPIC,Unspecified,FEMALE,OH,2,Nov 2023 - Oct 2024,1259
OZEMPIC,Unspecified,FEMALE,OH,3,Nov 2022 - Oct 2023,1655
OZEMPIC,Unspecified,MALE,MI,1,Nov 2024 - Oct 2025,17
OZEMPIC,Unspecified,MALE,MI,2,Nov 2023 - Oct 2024,4
OZEMPIC,Unspecified,MALE,MI,3,Nov 2022 - Oct 2023,23
OZEMPIC,Unspecified,MALE,OH,1,Nov 2024 - Oct 2025,24
OZEMPIC,Unspecified,MALE,OH,2,Nov 2023 - Oct 2024,718
OZEMPIC,Unspecified,MALE,OH,3,Nov 2022 - Oct 2023,883
OZEMPIC,Unspecified,UNKNOWN,MI,1,Nov 2024 - Oct 2025,4668
OZEMPIC,Unspecified,UNKNOWN,MI,2,Nov 2023 - Oct 2024,3775
OZEMPIC,Unspecified,UNKNOWN,MI,3,Nov 2022 - Oct 2023,3701
OZEMPIC,Unspecified,UNKNOWN,OH,1,Nov 2024 - Oct 2025,2
OZEMPIC,Unspecified,UNKNOWN,OH,2,Nov 2023 - Oct 2024,230
OZEMPIC,Unspecified,UNKNOWN,OH,3,Nov 2022 - Oct 2023,253
RYBELSUS,20 to 39,FEMALE,MI,1,Nov 2024 - Oct 2025,1433
RYBELSUS,20 to 39,FEMALE,MI,2,Nov 2023 - Oct 2024,1946
RYBELSUS,20 to 39,FEMALE,MI,3,Nov 2022 - Oct 2023,2249
RYBELSUS,20 to 39,FEMALE,OH,1,Nov 2024 - Oct 2025,1680
RYBELSUS,20 to 39,FEMALE,OH,2,Nov 2023 - Oct 2024,2595
RYBELSUS,20 to 39,FEMALE,OH,3,Nov 2022 - Oct 2023,3152
RYBELSUS,20 to 39,MALE,MI,1,Nov 2024 - Oct 2025,1500
RYBELSUS,20 to 39,MALE,MI,2,Nov 2023 - Oct 2024,1934
RYBELSUS,20 to 39,MALE,MI,3,Nov 2022 - Oct 2023,1952
RYBELSUS,20 to 39,MALE,OH,1,Nov 2024 - Oct 2025,1880
RYBELSUS,20 to 39,MALE,OH,2,Nov 2023 - Oct 2024,2489
RYBELSUS,20 to 39,MALE,OH,3,Nov 2022 - Oct 2023,2694
RYBELSUS,20 to 39,UNKNOWN,MI,1,Nov 2024 - Oct 2025,1
RYBELSUS,20 to 39,UNKNOWN,OH,3,Nov 2022 - Oct 2023,1
RYBELSUS,40 to 59,FEMALE,MI,1,Nov 2024 - Oct 2025,13414
RYBELSUS,40 to 59,FEMALE,MI,2,Nov 2023 - Oct 2024,17649
RYBELSUS,40 to 59,FEMALE,MI,3,Nov 2022 - Oct 2023,18665
RYBELSUS,40 to 59,FEMALE,OH,1,Nov 2024 - Oct 2025,18420
RYBELSUS,40 to 59,FEMALE,OH,2,Nov 2023 - Oct 2024,24954
RYBELSUS,40 to 59,FEMALE,OH,3,Nov 2022 - Oct 2023,25551
RYBELSUS,40 to 59,MALE,MI,1,Nov 2024 - Oct 2025,17247
RYBELSUS,40 to 59,MALE,MI,2,Nov 2023 - Oct 2024,21724
RYBELSUS,40 to 59,MALE,MI,3,Nov 2022 - Oct 2023,21220
RYBELSUS,40 to 59,MALE,OH,1,Nov 2024 - Oct 2025,23385
RYBELSUS,40 to 59,MALE,OH,2,Nov 2023 - Oct 2024,30202
RYBELSUS,40 to 59,MALE,OH,3,Nov 2022 - Oct 2023,27718
RYBELSUS,40 to 59,UNKNOWN,MI,1,Nov 2024 - Oct 2025,3
RYBELSUS,40 to 59,UNKNOWN,MI,3,Nov 2022 - Oct 2023,6
RYBELSUS,40 to 59,UNKNOWN,OH,2,Nov 2023 - Oct 2024,3
RYBELSUS,60 to 64,FEMALE,MI,1,Nov 2024 - Oct 2025,6957
RYBELSUS,60 to 64,FEMALE,MI,2,Nov 2023 - Oct 2024,8490
RYBELSUS,60 to 64,FEMALE,MI,3,Nov 2022 - Oct 2023,7662
RYBELSUS,60 to 64,FEMALE,OH,1,Nov 2024 - Oct 2025,8893
RYBELSUS,60 to 64,FEMALE,OH,2,Nov 2023 - Oct 2024,11622
RYBELSUS,60 to 64,FEMALE,OH,3,Nov 2022 - Oct 2023,10102
RYBELSUS,60 to 64,MALE,MI,1,Nov 2024 - Oct 2025,8350
RYBELSUS,60 to 64,MALE,MI,2,Nov 2023 - Oct 2024,9895
RYBELSUS,60 to 64,MALE,MI,3,Nov 2022 - Oct 2023,9025
RYBELSUS,60 to 64,MALE,OH,1,Nov 2024 - Oct 2025,10797
RYBELSUS,60 to 64,MALE,OH,2,Nov 2023 - Oct 2024,12761
RYBELSUS,60 to 64,MALE,OH,3,Nov 2022 - Oct 2023,11226
RYBELSUS,60 to 64,UNKNOWN,MI,2,Nov 2023 - Oct 2024,3
RYBELSUS,60 to 64,UNKNOWN,MI,3,Nov 2022 - Oct 2023,3
RYBELSUS,65 to 74,FEMALE,MI,1,Nov 2024 - Oct 2025,15473
RYBELSUS,65 to 74,FEMALE,MI,2,Nov 2023 - Oct 2024,16015
RYBELSUS,65 to 74,FEMALE,MI,3,Nov 2022 - Oct 2023,12643
RYBELSUS,65 to 74,FEMALE,OH,1,Nov 2024 - Oct 2025,17084
RYBELSUS,65 to 74,FEMALE,OH,2,Nov 2023 - Oct 2024,18703
RYBELSUS,65 to 74,FEMALE,OH,3,Nov 2022 - Oct 2023,14163
RYBELSUS,65 to 74,MALE,MI,1,Nov 2024 - Oct 2025,15901
RYBELSUS,65 to 74,MALE,MI,2,Nov 2023 - Oct 2024,16063
RYBELSUS,65 to 74,MALE,MI,3,Nov 2022 - Oct 2023,12394
RYBELSUS,65 to 74,MALE,OH,1,Nov 2024 - Oct 2025,18069
RYBELSUS,65 to 74,MALE,OH,2,Nov 2023 - Oct 2024,18700
RYBELSUS,65 to 74,MALE,OH,3,Nov 2022 - Oct 2023,13968
RYBELSUS,65 to 74,UNKNOWN,OH,3,Nov 2022 - Oct 2023,0
RYBELSUS,75 to 84,FEMALE,MI,1,Nov 2024 - Oct 2025,8022
RYBELSUS,75 to 84,FEMALE,MI,2,Nov 2023 - Oct 2024,7009
RYBELSUS,75 to 84,FEMALE,MI,3,Nov 2022 - Oct 2023,4827
RYBELSUS,75 to 84,FEMALE,OH,1,Nov 2024 - Oct 2025,7578
RYBELSUS,75 to 84,FEMALE,OH,2,Nov 2023 - Oct 2024,7081
RYBELSUS,75 to 84,FEMALE,OH,3,Nov 2022 - Oct 2023,4466
RYBELSUS,75 to 84,MALE,MI,1,Nov 2024 - Oct 2025,7421
RYBELSUS,75 to 84,MALE,MI,2,Nov 2023 - Oct 2024,6538
RYBELSUS,75 to 84,MALE,MI,3,Nov 2022 - Oct 2023,4310
RYBELSUS,75 to 84,MALE,OH,1,Nov 2024 - Oct 2025,6686
RYBELSUS,75 to 84,MALE,OH,2,Nov 2023 - Oct 2024,6179
RYBELSUS,75 to 84,MALE,OH,3,Nov 2022 - Oct 2023,4141
RYBELSUS,85+,FEMALE,MI,1,Nov 2024 - Oct 2025,1329
RYBELSUS,85+,FEMALE,MI,2,Nov 2023 - Oct 2024,1159
RYBELSUS,85+,FEMALE,MI,3,Nov 2022 - Oct 2023,828
RYBELSUS,85+,FEMALE,OH,1,Nov 2024 - Oct 2025,1222
RYBELSUS,85+,FEMALE,OH,2,Nov 2023 - Oct 2024,1049
RYBELSUS,85+,FEMALE,OH,3,Nov 2022 - Oct 2023,597
RYBELSUS,85+,MALE,MI,1,Nov 2024 - Oct 2025,1290
RYBELSUS,85+,MALE,MI,2,Nov 2023 - Oct 2024,1057
RYBELSUS,85+,MALE,MI,3,Nov 2022 - Oct 2023,703
RYBELSUS,85+,MALE,OH,1,Nov 2024 - Oct 2025,1130
RYBELSUS,85+,MALE,OH,2,Nov 2023 - Oct 2024,906
RYBELSUS,85+,MALE,OH,3,Nov 2022 - Oct 2023,518
RYBELSUS,85+,UNKNOWN,MI,2,Nov 2023 - Oct 2024,1
RYBELSUS,85+,UNKNOWN,OH,1,Nov 2024 - Oct 2025,2
RYBELSUS,Under 20,FEMALE,MI,1,Nov 2024 - Oct 2025,11
RYBELSUS,Under 20,FEMALE,MI,2,Nov 2023 - Oct 2024,15
RYBELSUS,Under 20,FEMALE,MI,3,Nov 2022 - Oct 2023,40
RYBELSUS,Under 20,FEMALE,OH,1,Nov 2024 - Oct 2025,13
RYBELSUS,Under 20,FEMALE,OH,2,Nov 2023 - Oct 2024,24
RYBELSUS,Under 20,FEMALE,OH,3,Nov 2022 - Oct 2023,33
RYBELSUS,Under 20,MALE,MI,1,Nov 2024 - Oct 2025,25
RYBELSUS,Under 20,MALE,MI,2,Nov 2023 - Oct 2024,16
RYBELSUS,Under 20,MALE,MI,3,Nov 2022 - Oct 2023,20
RYBELSUS,Under 20,MALE,OH,1,Nov 2024 - Oct 2025,12
RYBELSUS,Under 20,MALE,OH,2,Nov 2023 - Oct 2024,45
RYBELSUS,Under 20,MALE,OH,3,Nov 2022 - Oct 2023,39
RYBELSUS,Unspecified,FEMALE,MI,1,Nov 2024 - Oct 2025,18
RYBELSUS,Unspecified,FEMALE,OH,1,Nov 2024 - Oct 2025,15
RYBELSUS,Unspecified,FEMALE,OH,2,Nov 2023 - Oct 2024,112
RYBELSUS,Unspecified,FEMALE,OH,3,Nov 2022 - Oct 2023,97
RYBELSUS,Unspecified,MALE,MI,1,Nov 2024 - Oct 2025,15
RYBELSUS,Unspecified,MALE,MI,2,Nov 2023 - Oct 2024,2
RYBELSUS,Unspecified,MALE,MI,3,Nov 2022 - Oct 2023,3
RYBELSUS,Unspecified,MALE,OH,1,Nov 2024 - Oct 2025,3
RYBELSUS,Unspecified,MALE,OH,2,Nov 2023 - Oct 2024,97
RYBELSUS,Unspecified,MALE,OH,3,Nov 2022 - Oct 2023,143
RYBELSUS,Unspecified,UNKNOWN,MI,1,Nov 2024 - Oct 2025,551
RYBELSUS,Unspecified,UNKNOWN,MI,2,Nov 2023 - Oct 2024,492
RYBELSUS,Unspecified,UNKNOWN,MI,3,Nov 2022 - Oct 2023,453
RYBELSUS,Unspecified,UNKNOWN,OH,1,Nov 2024 - Oct 2025,0
RYBELSUS,Unspecified,UNKNOWN,OH,2,Nov 2023 - Oct 2024,28
RYBELSUS,Unspecified,UNKNOWN,OH,3,Nov 2022 - Oct 2023,32
SAXENDA,20 to 39,FEMALE,MI,1,Nov 2024 - Oct 2025,1304
SAXENDA,20 to 39,FEMALE,MI,2,Nov 2023 - Oct 2024,4286
SAXENDA,20 to 39,FEMALE,MI,3,Nov 2022 - Oct 2023,21523
SAXENDA,20 to 39,FEMALE,OH,1,Nov 2024 - Oct 2025,304
SAXENDA,20 to 39,FEMALE,OH,2,Nov 2023 - Oct 2024,926
SAXENDA,20 to 39,FEMALE,OH,3,Nov 2022 - Oct 2023,3554
SAXENDA,20 to 39,MALE,MI,1,Nov 2024 - Oct 2025,162
SAXENDA,20 to 39,MALE,MI,2,Nov 2023 - Oct 2024,564
SAXENDA,20 to 39,MALE,MI,3,Nov 2022 - Oct 2023,2941
SAXENDA,20 to 39,MALE,OH,1,Nov 2024 - Oct 2025,79
SAXENDA,20 to 39,MALE,OH,2,Nov 2023 - Oct 2024,158
SAXENDA,20 to 39,MALE,OH,3,Nov 2022 - Oct 2023,467
SAXENDA,20 to 39,UNKNOWN,MI,2,Nov 2023 - Oct 2024,1
SAXENDA,20 to 39,UNKNOWN,MI,3,Nov 2022 - Oct 2023,1
SAXENDA,40 to 59,FEMALE,MI,1,Nov 2024 - Oct 2025,2922
SAXENDA,40 to 59,FEMALE,MI,2,Nov 2023 - Oct 2024,7979
SAXENDA,40 to 59,FEMALE,MI,3,Nov 2022 - Oct 2023,39568
SAXENDA,40 to 59,FEMALE,OH,1,Nov 2024 - Oct 2025,939
SAXENDA,40 to 59,FEMALE,OH,2,Nov 2023 - Oct 2024,2644
SAXENDA,40 to 59,FEMALE,OH,3,Nov 2022 - Oct 2023,10071
SAXENDA,40 to 59,MALE,MI,1,Nov 2024 - Oct 2025,513
SAXENDA,40 to 59,MALE,MI,2,Nov 2023 - Oct 2024,1507
SAXENDA,40 to 59,MALE,MI,3,Nov 2022 - Oct 2023,6863
SAXENDA,40 to 59,MALE,OH,1,Nov 2024 - Oct 2025,280
SAXENDA,40 to 59,MALE,OH,2,Nov 2023 - Oct 2024,536
SAXENDA,40 to 59,MALE,OH,3,Nov 2022 - Oct 2023,1625
SAXENDA,40 to 59,UNKNOWN,MI,2,Nov 2023 - Oct 2024,1
SAXENDA,40 to 59,UNKNOWN,MI,3,Nov 2022 - Oct 2023,3
SAXENDA,60 to 64,FEMALE,MI,1,Nov 2024 - Oct 2025,476
SAXENDA,60 to 64,FEMALE,MI,2,Nov 2023 - Oct 2024,1285
SAXENDA,60 to 64,FEMALE,MI,3,Nov 2022 - Oct 2023,4948
SAXENDA,60 to 64,FEMALE,OH,1,Nov 2024 - Oct 2025,192
SAXENDA,60 to 64,FEMALE,OH,2,Nov 2023 - Oct 2024,396
SAXENDA,60 to 64,FEMALE,OH,3,Nov 2022 - Oct 2023,1352
SAXENDA,60 to 64,MALE,MI,1,Nov 2024 - Oct 2025,96
SAXENDA,60 to 64,MALE,MI,2,Nov 2023 - Oct 2024,191
SAXENDA,60 to 64,MALE,MI,3,Nov 2022 - Oct 2023,1009
SAXENDA,60 to 64,MALE,OH,1,Nov 2024 - Oct 2025,29
SAXENDA,60 to 64,MALE,OH,2,Nov 2023 - Oct 2024,78
SAXENDA,60 to 64,MALE,OH,3,Nov 2022 - Oct 2023,269
SAXENDA,65 to 74,FEMALE,MI,1,Nov 2024 - Oct 2025,511
SAXENDA,65 to 74,FEMALE,MI,2,Nov 2023 - Oct 2024,758
SAXENDA,65 to 74,FEMALE,MI,3,Nov 2022 - Oct 2023,2015
SAXENDA,65 to 74,FEMALE,OH,1,Nov 2024 - Oct 2025,112
SAXENDA,65 to 74,FEMALE,OH,2,Nov 2023 - Oct 2024,222
SAXENDA,65 to 74,FEMALE,OH,3,Nov 2022 - Oct 2023,502
SAXENDA,65 to 74,MALE,MI,1,Nov 2024 - Oct 2025,145
SAXENDA,65 to 74,MALE,MI,2,Nov 2023 - Oct 2024,186
SAXENDA,65 to 74,MALE,MI,3,Nov 2022 - Oct 2023,530
SAXENDA,65 to 74,MALE,OH,1,Nov 2024 - Oct 2025,14
SAXENDA,65 to 74,MALE,OH,2,Nov 2023 - Oct 2024,52
SAXENDA,65 to 74,MALE,OH,3,Nov 2022 - Oct 2023,118
SAXENDA,75 to 84,FEMALE,MI,1,Nov 2024 - Oct 2025,137
SAXENDA,75 to 84,FEMALE,MI,2,Nov 2023 - Oct 2024,109
SAXENDA,75 to 84,FEMALE,MI,3,Nov 2022 - Oct 2023,215
SAXENDA,75 to 84,FEMALE,OH,1,Nov 2024 - Oct 2025,5
SAXENDA,75 to 84,FEMALE,OH,2,Nov 2023 - Oct 2024,19
SAXENDA,75 to 84,FEMALE,OH,3,Nov 2022 - Oct 2023,53
SAXENDA,75 to 84,MALE,MI,1,Nov 2024 - Oct 2025,15
SAXENDA,75 to 84,MALE,MI,2,Nov 2023 - Oct 2024,15
SAXENDA,75 to 84,MALE,MI,3,Nov 2022 - Oct 2023,54
SAXENDA,75 to 84,MALE,OH,1,Nov 2024 - Oct 2025,1
SAXENDA,75 to 84,MALE,OH,2,Nov 2023 - Oct 2024,1
SAXENDA,75 to 84,MALE,OH,3,Nov 2022 - Oct 2023,17
SAXENDA,85+,FEMALE,OH,3,Nov 2022 - Oct 2023,2
SAXENDA,85+,UNKNOWN,MI,3,Nov 2022 - Oct 2023,3
SAXENDA,Under 20,FEMALE,MI,1,Nov 2024 - Oct 2025,98
SAXENDA,Under 20,FEMALE,MI,2,Nov 2023 - Oct 2024,191
SAXENDA,Under 20,FEMALE,MI,3,Nov 2022 - Oct 2023,550
SAXENDA,Under 20,FEMALE,OH,1,Nov 2024 - Oct 2025,53
SAXENDA,Under 20,FEMALE,OH,2,Nov 2023 - Oct 2024,87
SAXENDA,Under 20,FEMALE,OH,3,Nov 2022 - Oct 2023,141
SAXENDA,Under 20,MALE,MI,1,Nov 2024 - Oct 2025,55
SAXENDA,Under 20,MALE,MI,2,Nov 2023 - Oct 2024,92
SAXENDA,Under 20,MALE,MI,3,Nov 2022 - Oct 2023,308
SAXENDA,Under 20,MALE,OH,1,Nov 2024 - Oct 2025,34
SAXENDA,Under 20,MALE,OH,2,Nov 2023 - Oct 2024,68
SAXENDA,Under 20,MALE,OH,3,Nov 2022 - Oct 2023,25
SAXENDA,Unspecified,FEMALE,MI,3,Nov 2022 - Oct 2023,9
SAXENDA,Unspecified,FEMALE,OH,2,Nov 2023 - Oct 2024,8
SAXENDA,Unspecified,FEMALE,OH,3,Nov 2022 - Oct 2023,6
SAXENDA,Unspecified,MALE,OH,2,Nov 2023 - Oct 2024,4
SAXENDA,Unspecified,MALE,OH,3,Nov 2022 - Oct 2023,2
SAXENDA,Unspecified,UNKNOWN,MI,1,Nov 2024 - Oct 2025,36
SAXENDA,Unspecified,UNKNOWN,MI,2,Nov 2023 - Oct 2024,134
SAXENDA,Unspecified,UNKNOWN,MI,3,Nov 2022 - Oct 2023,391
SAXENDA,Unspecified,UNKNOWN,OH,2,Nov 2023 - Oct 2024,2
SAXENDA,Unspecified,UNKNOWN,OH,3,Nov 2022 - Oct 2023,2
SOLIQUA,20 to 39,FEMALE,MI,1,Nov 2024 - Oct 2025,36
SOLIQUA,20 to 39,FEMALE,MI,2,Nov 2023 - Oct 2024,40
SOLIQUA,20 to 39,FEMALE,MI,3,Nov 2022 - Oct 2023,39
SOLIQUA,20 to 39,FEMALE,OH,1,Nov 2024 - Oct 2025,66
SOLIQUA,20 to 39,FEMALE,OH,2,Nov 2023 - Oct 2024,137
SOLIQUA,20 to 39,FEMALE,OH,3,Nov 2022 - Oct 2023,170
SOLIQUA,20 to 39,MALE,MI,1,Nov 2024 - Oct 2025,45
SOLIQUA,20 to 39,MALE,MI,2,Nov 2023 - Oct 2024,89
SOLIQUA,20 to 39,MALE,MI,3,Nov 2022 - Oct 2023,133
SOLIQUA,20 to 39,MALE,OH,1,Nov 2024 - Oct 2025,110
SOLIQUA,20 to 39,MALE,OH,2,Nov 2023 - Oct 2024,129
SOLIQUA,20 to 39,MALE,OH,3,Nov 2022 - Oct 2023,212
SOLIQUA,40 to 59,FEMALE,MI,1,Nov 2024 - Oct 2025,595
SOLIQUA,40 to 59,FEMALE,MI,2,Nov 2023 - Oct 2024,934
SOLIQUA,40 to 59,FEMALE,MI,3,Nov 2022 - Oct 2023,1284
SOLIQUA,40 to 59,FEMALE,OH,1,Nov 2024 - Oct 2025,876
SOLIQUA,40 to 59,FEMALE,OH,2,Nov 2023 - Oct 2024,1468
SOLIQUA,40 to 59,FEMALE,OH,3,Nov 2022 - Oct 2023,2270
SOLIQUA,40 to 59,MALE,MI,1,Nov 2024 - Oct 2025,842
SOLIQUA,40 to 59,MALE,MI,2,Nov 2023 - Oct 2024,1299
SOLIQUA,40 to 59,MALE,MI,3,Nov 2022 - Oct 2023,1424
SOLIQUA,40 to 59,MALE,OH,1,Nov 2024 - Oct 2025,1266
SOLIQUA,40 to 59,MALE,OH,2,Nov 2023 - Oct 2024,2061
SOLIQUA,40 to 59,MALE,OH,3,Nov 2022 - Oct 2023,2879
SOLIQUA,60 to 64,FEMALE,MI,1,Nov 2024 - Oct 2025,466
SOLIQUA,60 to 64,FEMALE,MI,2,Nov 2023 - Oct 2024,644
SOLIQUA,60 to 64,FEMALE,MI,3,Nov 2022 - Oct 2023,588
SOLIQUA,60 to 64,FEMALE,OH,1,Nov 2024 - Oct 2025,572
SOLIQUA,60 to 64,FEMALE,OH,2,Nov 2023 - Oct 2024,917
SOLIQUA,60 to 64,FEMALE,OH,3,Nov 2022 - Oct 2023,1133
SOLIQUA,60 to 64,MALE,MI,1,Nov 2024 - Oct 2025,696
SOLIQUA,60 to 64,MALE,MI,2,Nov 2023 - Oct 2024,910
SOLIQUA,60 to 64,MALE,MI,3,Nov 2022 - Oct 2023,978
SOLIQUA,60 to 64,MALE,OH,1,Nov 2024 - Oct 2025,1232
SOLIQUA,60 to 64,MALE,OH,2,Nov 2023 - Oct 2024,1597
SOLIQUA,60 to 64,MALE,OH,3,Nov 2022 - Oct 2023,1657
SOLIQUA,65 to 74,FEMALE,MI,1,Nov 2024 - Oct 2025,1503
SOLIQUA,65 to 74,FEMALE,MI,2,Nov 2023 - Oct 2024,1810
SOLIQUA,65 to 74,FEMALE,MI,3,Nov 2022 - Oct 2023,1641
SOLIQUA,65 to 74,FEMALE,OH,1,Nov 2024 - Oct 2025,2567
SOLIQUA,65 to 74,FEMALE,OH,2,Nov 2023 - Oct 2024,3085
SOLIQUA,65 to 74,FEMALE,OH,3,Nov 2022 - Oct 2023,2856
SOLIQUA,65 to 74,MALE,MI,1,Nov 2024 - Oct 2025,1931
SOLIQUA,65 to 74,MALE,MI,2,Nov 2023 - Oct 2024,2171
SOLIQUA,65 to 74,MALE,MI,3,Nov 2022 - Oct 2023,1876
SOLIQUA,65 to 74,MALE,OH,1,Nov 2024 - Oct 2025,3516
SOLIQUA,65 to 74,MALE,OH,2,Nov 2023 - Oct 2024,4016
SOLIQUA,65 to 74,MALE,OH,3,Nov 2022 - Oct 2023,3677
SOLIQUA,75 to 84,FEMALE,MI,1,Nov 2024 - Oct 2025,1167
SOLIQUA,75 to 84,FEMALE,MI,2,Nov 2023 - Oct 2024,1122
SOLIQUA,75 to 84,FEMALE,MI,3,Nov 2022 - Oct 2023,928
SOLIQUA,75 to 84,FEMALE,OH,1,Nov 2024 - Oct 2025,2034
SOLIQUA,75 to 84,FEMALE,OH,2,Nov 2023 - Oct 2024,1996
SOLIQUA,75 to 84,FEMALE,OH,3,Nov 2022 - Oct 2023,1638
SOLIQUA,75 to 84,MALE,MI,1,Nov 2024 - Oct 2025,1219
SOLIQUA,75 to 84,MALE,MI,2,Nov 2023 - Oct 2024,1273
SOLIQUA,75 to 84,MALE,MI,3,Nov 2022 - Oct 2023,1007
SOLIQUA,75 to 84,MALE,OH,1,Nov 2024 - Oct 2025,1937
SOLIQUA,75 to 84,MALE,OH,2,Nov 2023 - Oct 2024,1949
SOLIQUA,75 to 84,MALE,OH,3,Nov 2022 - Oct 2023,1531
SOLIQUA,85+,FEMALE,MI,1,Nov 2024 - Oct 2025,203
SOLIQUA,85+,FEMALE,MI,2,Nov 2023 - Oct 2024,222
SOLIQUA,85+,FEMALE,MI,3,Nov 2022 - Oct 2023,189
SOLIQUA,85+,FEMALE,OH,1,Nov 2024 - Oct 2025,411
SOLIQUA,85+,FEMALE,OH,2,Nov 2023 - Oct 2024,362
SOLIQUA,85+,FEMALE,OH,3,Nov 2022 - Oct 2023,232
SOLIQUA,85+,MALE,MI,1,Nov 2024 - Oct 2025,135
SOLIQUA,85+,MALE,MI,2,Nov 2023 - Oct 2024,133
SOLIQUA,85+,MALE,MI,3,Nov 2022 - Oct 2023,99
SOLIQUA,85+,MALE,OH,1,Nov 2024 - Oct 2025,321
SOLIQUA,85+,MALE,OH,2,Nov 2023 - Oct 2024,246
SOLIQUA,85+,MALE,OH,3,Nov 2022 - Oct 2023,209
SOLIQUA,Under 20,FEMALE,OH,2,Nov 2023 - Oct 2024,3
SOLIQUA,Under 20,FEMALE,OH,3,Nov 2022 - Oct 2023,4
SOLIQUA,Unspecified,FEMALE,OH,1,Nov 2024 - Oct 2025,32
SOLIQUA,Unspecified,FEMALE,OH,2,Nov 2023 - Oct 2024,40
SOLIQUA,Unspecified,FEMALE,OH,3,Nov 2022 - Oct 2023,36
SOLIQUA,Unspecified,MALE,OH,1,Nov 2024 - Oct 2025,14
SOLIQUA,Unspecified,MALE,OH,2,Nov 2023 - Oct 2024,6
SOLIQUA,Unspecified,MALE,OH,3,Nov 2022 - Oct 2023,4
SOLIQUA,Unspecified,UNKNOWN,MI,1,Nov 2024 - Oct 2025,34
SOLIQUA,Unspecified,UNKNOWN,MI,2,Nov 2023 - Oct 2024,91
SOLIQUA,Unspecified,UNKNOWN,MI,3,Nov 2022 - Oct 2023,53
SOLIQUA,Unspecified,UNKNOWN,OH,1,Nov 2024 - Oct 2025,4
SOLIQUA,Unspecified,UNKNOWN,OH,2,Nov 2023 - Oct 2024,9
SOLIQUA,Unspecified,UNKNOWN,OH,3,Nov 2022 - Oct 2023,11
TRULICITY,20 to 39,FEMALE,MI,1,Nov 2024 - Oct 2025,13550
TRULICITY,20 to 39,FEMALE,MI,2,Nov 2023 - Oct 2024,23764
TRULICITY,20 to 39,FEMALE,MI,3,Nov 2022 - Oct 2023,39484
TRULICITY,20 to 39,FEMALE,OH,1,Nov 2024 - Oct 2025,58925
TRULICITY,20 to 39,FEMALE,OH,2,Nov 2023 - Oct 2024,47010
TRULICITY,20 to 39,FEMALE,OH,3,Nov 2022 - Oct 2023,51352
TRULICITY,20 to 39,MALE,MI,1,Nov 2024 - Oct 2025,8932
TRULICITY,20 to 39,MALE,MI,2,Nov 2023 - Oct 2024,13304
TRULICITY,20 to 39,MALE,MI,3,Nov 2022 - Oct 2023,19998
TRULICITY,20 to 39,MALE,OH,1,Nov 2024 - Oct 2025,22844
TRULICITY,20 to 39,MALE,OH,2,Nov 2023 - Oct 2024,20503
TRULICITY,20 to 39,MALE,OH,3,Nov 2022 - Oct 2023,24741
TRULICITY,20 to 39,UNKNOWN,MI,2,Nov 2023 - Oct 2024,6
TRULICITY,20 to 39,UNKNOWN,OH,1,Nov 2024 - Oct 2025,11
TRULICITY,20 to 39,UNKNOWN,OH,2,Nov 2023 - Oct 2024,12
TRULICITY,20 to 39,UNKNOWN,OH,3,Nov 2022 - Oct 2023,9
TRULICITY,40 to 59,FEMALE,MI,1,Nov 2024 - Oct 2025,82449
TRULICITY,40 to 59,FEMALE,MI,2,Nov 2023 - Oct 2024,121308
TRULICITY,40 to 59,FEMALE,MI,3,Nov 2022 - Oct 2023,183164
TRULICITY,40 to 59,FEMALE,OH,1,Nov 2024 - Oct 2025,193597
TRULICITY,40 to 59,FEMALE,OH,2,Nov 2023 - Oct 2024,188616
TRULICITY,40 to 59,FEMALE,OH,3,Nov 2022 - Oct 2023,242733
TRULICITY,40 to 59,MALE,MI,1,Nov 2024 - Oct 2025,77574
TRULICITY,40 to 59,MALE,MI,2,Nov 2023 - Oct 2024,106362
TRULICITY,40 to 59,MALE,MI,3,Nov 2022 - Oct 2023,152480
TRULICITY,40 to 59,MALE,OH,1,Nov 2024 - Oct 2025,136229
TRULICITY,40 to 59,MALE,OH,2,Nov 2023 - Oct 2024,145475
TRULICITY,40 to 59,MALE,OH,3,Nov 2022 - Oct 2023,197800
TRULICITY,40 to 59,UNKNOWN,MI,1,Nov 2024 - Oct 2025,9
TRULICITY,40 to 59,UNKNOWN,MI,2,Nov 2023 - Oct 2024,3
TRULICITY,40 to 59,UNKNOWN,MI,3,Nov 2022 - Oct 2023,2
TRULICITY,40 to 59,UNKNOWN,OH,1,Nov 2024 - Oct 2025,67
TRULICITY,40 to 59,UNKNOWN,OH,2,Nov 2023 - Oct 2024,65
TRULICITY,40 to 59,UNKNOWN,OH,3,Nov 2022 - Oct 2023,28
TRULICITY,60 to 64,FEMALE,MI,1,Nov 2024 - Oct 2025,39080
TRULICITY,60 to 64,FEMALE,MI,2,Nov 2023 - Oct 2024,50592
TRULICITY,60 to 64,FEMALE,MI,3,Nov 2022 - Oct 2023,67127
TRULICITY,60 to 64,FEMALE,OH,1,Nov 2024 - Oct 2025,67722
TRULICITY,60 to 64,FEMALE,OH,2,Nov 2023 - Oct 2024,69844
TRULICITY,60 to 64,FEMALE,OH,3,Nov 2022 - Oct 2023,88303
TRULICITY,60 to 64,MALE,MI,1,Nov 2024 - Oct 2025,37824
TRULICITY,60 to 64,MALE,MI,2,Nov 2023 - Oct 2024,47987
TRULICITY,60 to 64,MALE,MI,3,Nov 2022 - Oct 2023,64554
TRULICITY,60 to 64,MALE,OH,1,Nov 2024 - Oct 2025,58768
TRULICITY,60 to 64,MALE,OH,2,Nov 2023 - Oct 2024,63228
TRULICITY,60 to 64,MALE,OH,3,Nov 2022 - Oct 2023,81386
TRULICITY,60 to 64,UNKNOWN,MI,1,Nov 2024 - Oct 2025,0
TRULICITY,60 to 64,UNKNOWN,MI,2,Nov 2023 - Oct 2024,7
TRULICITY,60 to 64,UNKNOWN,MI,3,Nov 2022 - Oct 2023,4
TRULICITY,60 to 64,UNKNOWN,OH,1,Nov 2024 - Oct 2025,12
TRULICITY,60 to 64,UNKNOWN,OH,3,Nov 2022 - Oct 2023,7
TRULICITY,65 to 74,FEMALE,MI,1,Nov 2024 - Oct 2025,61390
TRULICITY,65 to 74,FEMALE,MI,2,Nov 2023 - Oct 2024,76769
TRULICITY,65 to 74,FEMALE,MI,3,Nov 2022 - Oct 2023,97969
TRULICITY,65 to 74,FEMALE,OH,1,Nov 2024 - Oct 2025,87765
TRULICITY,65 to 74,FEMALE,OH,2,Nov 2023 - Oct 2024,93266
TRULICITY,65 to 74,FEMALE,OH,3,Nov 2022 - Oct 2023,112731
TRULICITY,65 to 74,MALE,MI,1,Nov 2024 - Oct 2025,57247
TRULICITY,65 to 74,MALE,MI,2,Nov 2023 - Oct 2024,70266
TRULICITY,65 to 74,MALE,MI,3,Nov 2022 - Oct 2023,91490
TRULICITY,65 to 74,MALE,OH,1,Nov 2024 - Oct 2025,75734
TRULICITY,65 to 74,MALE,OH,2,Nov 2023 - Oct 2024,82196
TRULICITY,65 to 74,MALE,OH,3,Nov 2022 - Oct 2023,100231
TRULICITY,65 to 74,UNKNOWN,MI,1,Nov 2024 - Oct 2025,11
TRULICITY,65 to 74,UNKNOWN,MI,2,Nov 2023 - Oct 2024,5
TRULICITY,65 to 74,UNKNOWN,OH,1,Nov 2024 - Oct 2025,17
TRULICITY,65 to 74,UNKNOWN,OH,2,Nov 2023 - Oct 2024,16
TRULICITY,65 to 74,UNKNOWN,OH,3,Nov 2022 - Oct 2023,21
TRULICITY,75 to 84,FEMALE,MI,1,Nov 2024 - Oct 2025,29550
TRULICITY,75 to 84,FEMALE,MI,2,Nov 2023 - Oct 2024,31874
TRULICITY,75 to 84,FEMALE,MI,3,Nov 2022 - Oct 2023,37338
TRULICITY,75 to 84,FEMALE,OH,1,Nov 2024 - Oct 2025,36233
TRULICITY,75 to 84,FEMALE,OH,2,Nov 2023 - Oct 2024,35667
TRULICITY,75 to 84,FEMALE,OH,3,Nov 2022 - Oct 2023,38691
TRULICITY,75 to 84,MALE,MI,1,Nov 2024 - Oct 2025,26422
TRULICITY,75 to 84,MALE,MI,2,Nov 2023 - Oct 2024,28835
TRULICITY,75 to 84,MALE,MI,3,Nov 2022 - Oct 2023,33636
TRULICITY,75 to 84,MALE,OH,1,Nov 2024 - Oct 2025,28307
TRULICITY,75 to 84,MALE,OH,2,Nov 2023 - Oct 2024,27829
TRULICITY,75 to 84,MALE,OH,3,Nov 2022 - Oct 2023,32152
TRULICITY,75 to 84,UNKNOWN,MI,1,Nov 2024 - Oct 2025,4
TRULICITY,75 to 84,UNKNOWN,MI,3,Nov 2022 - Oct 2023,2
TRULICITY,75 to 84,UNKNOWN,OH,1,Nov 2024 - Oct 2025,4
TRULICITY,75 to 84,UNKNOWN,OH,2,Nov 2023 - Oct 2024,3
TRULICITY,75 to 84,UNKNOWN,OH,3,Nov 2022 - Oct 2023,1
TRULICITY,85+,FEMALE,MI,1,Nov 2024 - Oct 2025,5095
TRULICITY,85+,FEMALE,MI,2,Nov 2023 - Oct 2024,4780
TRULICITY,85+,FEMALE,MI,3,Nov 2022 - Oct 2023,4867
TRULICITY,85+,FEMALE,OH,1,Nov 2024 - Oct 2025,6915
TRULICITY,85+,FEMALE,OH,2,Nov 2023 - Oct 2024,6237
TRULICITY,85+,FEMALE,OH,3,Nov 2022 - Oct 2023,6309
TRULICITY,85+,MALE,MI,1,Nov 2024 - Oct 2025,4231
TRULICITY,85+,MALE,MI,2,Nov 2023 - Oct 2024,3778
TRULICITY,85+,MALE,MI,3,Nov 2022 - Oct 2023,4032
TRULICITY,85+,MALE,OH,1,Nov 2024 - Oct 2025,4309
TRULICITY,85+,MALE,OH,2,Nov 2023 - Oct 2024,4346
TRULICITY,85+,MALE,OH,3,Nov 2022 - Oct 2023,4383
TRULICITY,85+,UNKNOWN,MI,2,Nov 2023 - Oct 2024,1
TRULICITY,85+,UNKNOWN,MI,3,Nov 2022 - Oct 2023,0
TRULICITY,85+,UNKNOWN,OH,1,Nov 2024 - Oct 2025,1
TRULICITY,85+,UNKNOWN,OH,2,Nov 2023 - Oct 2024,4
TRULICITY,85+,UNKNOWN,OH,3,Nov 2022 - Oct 2023,2
TRULICITY,Under 20,FEMALE,MI,1,Nov 2024 - Oct 2025,938
TRULICITY,Under 20,FEMALE,MI,2,Nov 2023 - Oct 2024,1132
TRULICITY,Under 20,FEMALE,MI,3,Nov 2022 - Oct 2023,1139
TRULICITY,Under 20,FEMALE,OH,1,Nov 2024 - Oct 2025,2846
TRULICITY,Under 20,FEMALE,OH,2,Nov 2023 - Oct 2024,2737
TRULICITY,Under 20,FEMALE,OH,3,Nov 2022 - Oct 2023,1472
TRULICITY,Under 20,MALE,MI,1,Nov 2024 - Oct 2025,588
TRULICITY,Under 20,MALE,MI,2,Nov 2023 - Oct 2024,847
TRULICITY,Under 20,MALE,MI,3,Nov 2022 - Oct 2023,612
TRULICITY,Under 20,MALE,OH,1,Nov 2024 - Oct 2025,1882
TRULICITY,Under 20,MALE,OH,2,Nov 2023 - Oct 2024,1597
TRULICITY,Under 20,MALE,OH,3,Nov 2022 - Oct 2023,1083
TRULICITY,Under 20,UNKNOWN,OH,1,Nov 2024 - Oct 2025,7
TRULICITY,Under 20,UNKNOWN,OH,2,Nov 2023 - Oct 2024,1
TRULICITY,Unspecified,FEMALE,MI,1,Nov 2024 - Oct 2025,7
TRULICITY,Unspecified,FEMALE,MI,2,Nov 2023 - Oct 2024,37
TRULICITY,Unspecified,FEMALE,MI,3,Nov 2022 - Oct 2023,118
TRULICITY,Unspecified,FEMALE,OH,1,Nov 2024 - Oct 2025,7
TRULICITY,Unspecified,FEMALE,OH,2,Nov 2023 - Oct 2024,1055
TRULICITY,Unspecified,FEMALE,OH,3,Nov 2022 - Oct 2023,1642
TRULICITY,Unspecified,MALE,MI,1,Nov 2024 - Oct 2025,3
TRULICITY,Unspecified,MALE,MI,2,Nov 2023 - Oct 2024,13
TRULICITY,Unspecified,MALE,MI,3,Nov 2022 - Oct 2023,97
TRULICITY,Unspecified,MALE,OH,1,Nov 2024 - Oct 2025,7
TRULICITY,Unspecified,MALE,OH,2,Nov 2023 - Oct 2024,700
TRULICITY,Unspecified,MALE,OH,3,Nov 2022 - Oct 2023,1258
TRULICITY,Unspecified,UNKNOWN,MI,1,Nov 2024 - Oct 2025,3237
TRULICITY,Unspecified,UNKNOWN,MI,2,Nov 2023 - Oct 2024,4631
TRULICITY,Unspecified,UNKNOWN,MI,3,Nov 2022 - Oct 2023,5384
TRULICITY,Unspecified,UNKNOWN,OH,1,Nov 2024 - Oct 2025,1
TRULICITY,Unspecified,UNKNOWN,OH,2,Nov 2023 - Oct 2024,197
TRULICITY,Unspecified,UNKNOWN,OH,3,Nov 2022 - Oct 2023,279
VICTOZA,20 to 39,FEMALE,MI,1,Nov 2024 - Oct 2025,263
VICTOZA,20 to 39,FEMALE,MI,2,Nov 2023 - Oct 2024,1983
VICTOZA,20 to 39,FEMALE,MI,3,Nov 2022 - Oct 2023,6224
VICTOZA,20 to 39,FEMALE,OH,1,Nov 2024 - Oct 2025,1655
VICTOZA,20 to 39,FEMALE,OH,2,Nov 2023 - Oct 2024,5635
VICTOZA,20 to 39,FEMALE,OH,3,Nov 2022 - Oct 2023,7137
VICTOZA,20 to 39,MALE,MI,1,Nov 2024 - Oct 2025,100
VICTOZA,20 to 39,MALE,MI,2,Nov 2023 - Oct 2024,779
VICTOZA,20 to 39,MALE,MI,3,Nov 2022 - Oct 2023,2021
VICTOZA,20 to 39,MALE,OH,1,Nov 2024 - Oct 2025,330
VICTOZA,20 to 39,MALE,OH,2,Nov 2023 - Oct 2024,1396
VICTOZA,20 to 39,MALE,OH,3,Nov 2022 - Oct 2023,1946
VICTOZA,40 to 59,FEMALE,MI,1,Nov 2024 - Oct 2025,1397
VICTOZA,40 to 59,FEMALE,MI,2,Nov 2023 - Oct 2024,10650
VICTOZA,40 to 59,FEMALE,MI,3,Nov 2022 - Oct 2023,28137
VICTOZA,40 to 59,FEMALE,OH,1,Nov 2024 - Oct 2025,4176
VICTOZA,40 to 59,FEMALE,OH,2,Nov 2023 - Oct 2024,18167
VICTOZA,40 to 59,FEMALE,OH,3,Nov 2022 - Oct 2023,31179
VICTOZA,40 to 59,MALE,MI,1,Nov 2024 - Oct 2025,767
VICTOZA,40 to 59,MALE,MI,2,Nov 2023 - Oct 2024,6522
VICTOZA,40 to 59,MALE,MI,3,Nov 2022 - Oct 2023,16644
VICTOZA,40 to 59,MALE,OH,1,Nov 2024 - Oct 2025,1534
VICTOZA,40 to 59,MALE,OH,2,Nov 2023 - Oct 2024,8491
VICTOZA,40 to 59,MALE,OH,3,Nov 2022 - Oct 2023,16792
VICTOZA,40 to 59,UNKNOWN,MI,1,Nov 2024 - Oct 2025,0
VICTOZA,40 to 59,UNKNOWN,OH,1,Nov 2024 - Oct 2025,7
VICTOZA,40 to 59,UNKNOWN,OH,2,Nov 2023 - Oct 2024,8
VICTOZA,40 to 59,UNKNOWN,OH,3,Nov 2022 - Oct 2023,4
VICTOZA,60 to 64,FEMALE,MI,1,Nov 2024 - Oct 2025,500
VICTOZA,60 to 64,FEMALE,MI,2,Nov 2023 - Oct 2024,3813
VICTOZA,60 to 64,FEMALE,MI,3,Nov 2022 - Oct 2023,9384
VICTOZA,60 to 64,FEMALE,OH,1,Nov 2024 - Oct 2025,1086
VICTOZA,60 to 64,FEMALE,OH,2,Nov 2023 - Oct 2024,6039
VICTOZA,60 to 64,FEMALE,OH,3,Nov 2022 - Oct 2023,11779
VICTOZA,60 to 64,MALE,MI,1,Nov 2024 - Oct 2025,319
VICTOZA,60 to 64,MALE,MI,2,Nov 2023 - Oct 2024,2961
VICTOZA,60 to 64,MALE,MI,3,Nov 2022 - Oct 2023,7610
VICTOZA,60 to 64,MALE,OH,1,Nov 2024 - Oct 2025,500
VICTOZA,60 to 64,MALE,OH,2,Nov 2023 - Oct 2024,3541
VICTOZA,60 to 64,MALE,OH,3,Nov 2022 - Oct 2023,7510
VICTOZA,60 to 64,UNKNOWN,OH,1,Nov 2024 - Oct 2025,3
VICTOZA,65 to 74,FEMALE,MI,1,Nov 2024 - Oct 2025,351
VICTOZA,65 to 74,FEMALE,MI,2,Nov 2023 - Oct 2024,4480
VICTOZA,65 to 74,FEMALE,MI,3,Nov 2022 - Oct 2023,13848
VICTOZA,65 to 74,FEMALE,OH,1,Nov 2024 - Oct 2025,896
VICTOZA,65 to 74,FEMALE,OH,2,Nov 2023 - Oct 2024,8007
VICTOZA,65 to 74,FEMALE,OH,3,Nov 2022 - Oct 2023,19370
VICTOZA,65 to 74,MALE,MI,1,Nov 2024 - Oct 2025,279
VICTOZA,65 to 74,MALE,MI,2,Nov 2023 - Oct 2024,3866
VICTOZA,65 to 74,MALE,MI,3,Nov 2022 - Oct 2023,10706
VICTOZA,65 to 74,MALE,OH,1,Nov 2024 - Oct 2025,499
VICTOZA,65 to 74,MALE,OH,2,Nov 2023 - Oct 2024,5736
VICTOZA,65 to 74,MALE,OH,3,Nov 2022 - Oct 2023,13262
VICTOZA,65 to 74,UNKNOWN,OH,2,Nov 2023 - Oct 2024,1
VICTOZA,75 to 84,FEMALE,MI,1,Nov 2024 - Oct 2025,123
VICTOZA,75 to 84,FEMALE,MI,2,Nov 2023 - Oct 2024,2337
VICTOZA,75 to 84,FEMALE,MI,3,Nov 2022 - Oct 2023,6117
VICTOZA,75 to 84,FEMALE,OH,1,Nov 2024 - Oct 2025,282
VICTOZA,75 to 84,FEMALE,OH,2,Nov 2023 - Oct 2024,3761
VICTOZA,75 to 84,FEMALE,OH,3,Nov 2022 - Oct 2023,7893
VICTOZA,75 to 84,MALE,MI,1,Nov 2024 - Oct 2025,111
VICTOZA,75 to 84,MALE,MI,2,Nov 2023 - Oct 2024,1885
VICTOZA,75 to 84,MALE,MI,3,Nov 2022 - Oct 2023,4788
VICTOZA,75 to 84,MALE,OH,1,Nov 2024 - Oct 2025,178
VICTOZA,75 to 84,MALE,OH,2,Nov 2023 - Oct 2024,2679
VICTOZA,75 to 84,MALE,OH,3,Nov 2022 - Oct 2023,5884
VICTOZA,75 to 84,UNKNOWN,OH,2,Nov 2023 - Oct 2024,4
VICTOZA,85+,FEMALE,MI,1,Nov 2024 - Oct 2025,23
VICTOZA,85+,FEMALE,MI,2,Nov 2023 - Oct 2024,405
VICTOZA,85+,FEMALE,MI,3,Nov 2022 - Oct 2023,803
VICTOZA,85+,FEMALE,OH,1,Nov 2024 - Oct 2025,45
VICTOZA,85+,FEMALE,OH,2,Nov 2023 - Oct 2024,534
VICTOZA,85+,FEMALE,OH,3,Nov 2022 - Oct 2023,1179
VICTOZA,85+,MALE,MI,1,Nov 2024 - Oct 2025,28
VICTOZA,85+,MALE,MI,2,Nov 2023 - Oct 2024,285
VICTOZA,85+,MALE,MI,3,Nov 2022 - Oct 2023,676
VICTOZA,85+,MALE,OH,1,Nov 2024 - Oct 2025,43
VICTOZA,85+,MALE,OH,2,Nov 2023 - Oct 2024,369
VICTOZA,85+,MALE,OH,3,Nov 2022 - Oct 2023,869
VICTOZA,85+,UNKNOWN,OH,2,Nov 2023 - Oct 2024,1
VICTOZA,85+,UNKNOWN,OH,3,Nov 2022 - Oct 2023,3
VICTOZA,Under 20,FEMALE,MI,1,Nov 2024 - Oct 2025,76
VICTOZA,Under 20,FEMALE,MI,2,Nov 2023 - Oct 2024,340
VICTOZA,Under 20,FEMALE,MI,3,Nov 2022 - Oct 2023,753
VICTOZA,Under 20,FEMALE,OH,1,Nov 2024 - Oct 2025,108
VICTOZA,Under 20,FEMALE,OH,2,Nov 2023 - Oct 2024,556
VICTOZA,Under 20,FEMALE,OH,3,Nov 2022 - Oct 2023,1022
VICTOZA,Under 20,MALE,MI,1,Nov 2024 - Oct 2025,14
VICTOZA,Under 20,MALE,MI,2,Nov 2023 - Oct 2024,177
VICTOZA,Under 20,MALE,MI,3,Nov 2022 - Oct 2023,366
VICTOZA,Under 20,MALE,OH,1,Nov 2024 - Oct 2025,80
VICTOZA,Under 20,MALE,OH,2,Nov 2023 - Oct 2024,294
VICTOZA,Under 20,MALE,OH,3,Nov 2022 - Oct 2023,496
VICTOZA,Unspecified,FEMALE,MI,2,Nov 2023 - Oct 2024,4
VICTOZA,Unspecified,FEMALE,MI,3,Nov 2022 - Oct 2023,32
VICTOZA,Unspecified,FEMALE,OH,2,Nov 2023 - Oct 2024,167
VICTOZA,Unspecified,FEMALE,OH,3,Nov 2022 - Oct 2023,296
VICTOZA,Unspecified,MALE,MI,3,Nov 2022 - Oct 2023,1
VICTOZA,Unspecified,MALE,OH,2,Nov 2023 - Oct 2024,89
VICTOZA,Unspecified,MALE,OH,3,Nov 2022 - Oct 2023,149
VICTOZA,Unspecified,UNKNOWN,MI,1,Nov 2024 - Oct 2025,76
VICTOZA,Unspecified,UNKNOWN,MI,2,Nov 2023 - Oct 2024,546
VICTOZA,Unspecified,UNKNOWN,MI,3,Nov 2022 - Oct 2023,1111
VICTOZA,Unspecified,UNKNOWN,OH,2,Nov 2023 - Oct 2024,24
VICTOZA,Unspecified,UNKNOWN,OH,3,Nov 2022 - Oct 2023,50
WEGOVY,20 to 39,FEMALE,MI,1,Nov 2024 - Oct 2025,116594
WEGOVY,20 to 39,FEMALE,MI,2,Nov 2023 - Oct 2024,96770
WEGOVY,20 to 39,FEMALE,MI,3,Nov 2022 - Oct 2023,56127
WEGOVY,20 to 39,FEMALE,OH,1,Nov 2024 - Oct 2025,48098
WEGOVY,20 to 39,FEMALE,OH,2,Nov 2023 - Oct 2024,39126
WEGOVY,20 to 39,FEMALE,OH,3,Nov 2022 - Oct 2023,23469
WEGOVY,20 to 39,MALE,MI,1,Nov 2024 - Oct 2025,22502
WEGOVY,20 to 39,MALE,MI,2,Nov 2023 - Oct 2024,17753
WEGOVY,20 to 39,MALE,MI,3,Nov 2022 - Oct 2023,9916
WEGOVY,20 to 39,MALE,OH,1,Nov 2024 - Oct 2025,15118
WEGOVY,20 to 39,MALE,OH,2,Nov 2023 - Oct 2024,9835
WEGOVY,20 to 39,MALE,OH,3,Nov 2022 - Oct 2023,4928
WEGOVY,20 to 39,UNKNOWN,MI,1,Nov 2024 - Oct 2025,5
WEGOVY,20 to 39,UNKNOWN,MI,2,Nov 2023 - Oct 2024,5
WEGOVY,20 to 39,UNKNOWN,MI,3,Nov 2022 - Oct 2023,3
WEGOVY,20 to 39,UNKNOWN,OH,1,Nov 2024 - Oct 2025,2
WEGOVY,20 to 39,UNKNOWN,OH,2,Nov 2023 - Oct 2024,6
WEGOVY,20 to 39,UNKNOWN,OH,3,Nov 2022 - Oct 2023,0
WEGOVY,40 to 59,FEMALE,MI,1,Nov 2024 - Oct 2025,199503
WEGOVY,40 to 59,FEMALE,MI,2,Nov 2023 - Oct 2024,203872
WEGOVY,40 to 59,FEMALE,MI,3,Nov 2022 - Oct 2023,118352
WEGOVY,40 to 59,FEMALE,OH,1,Nov 2024 - Oct 2025,131686
WEGOVY,40 to 59,FEMALE,OH,2,Nov 2023 - Oct 2024,105280
WEGOVY,40 to 59,FEMALE,OH,3,Nov 2022 - Oct 2023,57393
WEGOVY,40 to 59,MALE,MI,1,Nov 2024 - Oct 2025,54141
WEGOVY,40 to 59,MALE,MI,2,Nov 2023 - Oct 2024,48462
WEGOVY,40 to 59,MALE,MI,3,Nov 2022 - Oct 2023,25833
WEGOVY,40 to 59,MALE,OH,1,Nov 2024 - Oct 2025,45571
WEGOVY,40 to 59,MALE,OH,2,Nov 2023 - Oct 2024,29485
WEGOVY,40 to 59,MALE,OH,3,Nov 2022 - Oct 2023,13637
WEGOVY,40 to 59,UNKNOWN,MI,1,Nov 2024 - Oct 2025,5
WEGOVY,40 to 59,UNKNOWN,MI,2,Nov 2023 - Oct 2024,7
WEGOVY,40 to 59,UNKNOWN,MI,3,Nov 2022 - Oct 2023,1
WEGOVY,40 to 59,UNKNOWN,OH,1,Nov 2024 - Oct 2025,4
WEGOVY,40 to 59,UNKNOWN,OH,2,Nov 2023 - Oct 2024,8
WEGOVY,60 to 64,FEMALE,MI,1,Nov 2024 - Oct 2025,32242
WEGOVY,60 to 64,FEMALE,MI,2,Nov 2023 - Oct 2024,28863
WEGOVY,60 to 64,FEMALE,MI,3,Nov 2022 - Oct 2023,14359
WEGOVY,60 to 64,FEMALE,OH,1,Nov 2024 - Oct 2025,24582
WEGOVY,60 to 64,FEMALE,OH,2,Nov 2023 - Oct 2024,16455
WEGOVY,60 to 64,FEMALE,OH,3,Nov 2022 - Oct 2023,7255
WEGOVY,60 to 64,MALE,MI,1,Nov 2024 - Oct 2025,11226
WEGOVY,60 to 64,MALE,MI,2,Nov 2023 - Oct 2024,8557
WEGOVY,60 to 64,MALE,MI,3,Nov 2022 - Oct 2023,4009
WEGOVY,60 to 64,MALE,OH,1,Nov 2024 - Oct 2025,8711
WEGOVY,60 to 64,MALE,OH,2,Nov 2023 - Oct 2024,4730
WEGOVY,60 to 64,MALE,OH,3,Nov 2022 - Oct 2023,1926
WEGOVY,65 to 74,FEMALE,MI,1,Nov 2024 - Oct 2025,16869
WEGOVY,65 to 74,FEMALE,MI,2,Nov 2023 - Oct 2024,11188
WEGOVY,65 to 74,FEMALE,MI,3,Nov 2022 - Oct 2023,4702
WEGOVY,65 to 74,FEMALE,OH,1,Nov 2024 - Oct 2025,17984
WEGOVY,65 to 74,FEMALE,OH,2,Nov 2023 - Oct 2024,8422
WEGOVY,65 to 74,FEMALE,OH,3,Nov 2022 - Oct 2023,2827
WEGOVY,65 to 74,MALE,MI,1,Nov 2024 - Oct 2025,6912
WEGOVY,65 to 74,MALE,MI,2,Nov 2023 - Oct 2024,4345
WEGOVY,65 to 74,MALE,MI,3,Nov 2022 - Oct 2023,1817
WEGOVY,65 to 74,MALE,OH,1,Nov 2024 - Oct 2025,7974
WEGOVY,65 to 74,MALE,OH,2,Nov 2023 - Oct 2024,3095
WEGOVY,65 to 74,MALE,OH,3,Nov 2022 - Oct 2023,1065
WEGOVY,75 to 84,FEMALE,MI,1,Nov 2024 - Oct 2025,2811
WEGOVY,75 to 84,FEMALE,MI,2,Nov 2023 - Oct 2024,1069
WEGOVY,75 to 84,FEMALE,MI,3,Nov 2022 - Oct 2023,309
WEGOVY,75 to 84,FEMALE,OH,1,Nov 2024 - Oct 2025,3774
WEGOVY,75 to 84,FEMALE,OH,2,Nov 2023 - Oct 2024,1191
WEGOVY,75 to 84,FEMALE,OH,3,Nov 2022 - Oct 2023,199
WEGOVY,75 to 84,MALE,MI,1,Nov 2024 - Oct 2025,1253
WEGOVY,75 to 84,MALE,MI,2,Nov 2023 - Oct 2024,595
WEGOVY,75 to 84,MALE,MI,3,Nov 2022 - Oct 2023,186
WEGOVY,75 to 84,MALE,OH,1,Nov 2024 - Oct 2025,2148
WEGOVY,75 to 84,MALE,OH,2,Nov 2023 - Oct 2024,587
WEGOVY,75 to 84,MALE,OH,3,Nov 2022 - Oct 2023,106
WEGOVY,85+,FEMALE,MI,1,Nov 2024 - Oct 2025,135
WEGOVY,85+,FEMALE,MI,2,Nov 2023 - Oct 2024,24
WEGOVY,85+,FEMALE,MI,3,Nov 2022 - Oct 2023,4
WEGOVY,85+,FEMALE,OH,1,Nov 2024 - Oct 2025,150
WEGOVY,85+,FEMALE,OH,2,Nov 2023 - Oct 2024,45
WEGOVY,85+,FEMALE,OH,3,Nov 2022 - Oct 2023,10
WEGOVY,85+,MALE,MI,1,Nov 2024 - Oct 2025,74
WEGOVY,85+,MALE,MI,2,Nov 2023 - Oct 2024,21
WEGOVY,85+,MALE,MI,3,Nov 2022 - Oct 2023,51
WEGOVY,85+,MALE,OH,1,Nov 2024 - Oct 2025,132
WEGOVY,85+,MALE,OH,2,Nov 2023 - Oct 2024,32
WEGOVY,85+,MALE,OH,3,Nov 2022 - Oct 2023,14
WEGOVY,85+,UNKNOWN,MI,1,Nov 2024 - Oct 2025,1
WEGOVY,85+,UNKNOWN,MI,2,Nov 2023 - Oct 2024,0
WEGOVY,85+,UNKNOWN,MI,3,Nov 2022 - Oct 2023,4
WEGOVY,85+,UNKNOWN,OH,2,Nov 2023 - Oct 2024,1
WEGOVY,Under 20,FEMALE,MI,1,Nov 2024 - Oct 2025,8955
WEGOVY,Under 20,FEMALE,MI,2,Nov 2023 - Oct 2024,4165
WEGOVY,Under 20,FEMALE,MI,3,Nov 2022 - Oct 2023,1191
WEGOVY,Under 20,FEMALE,OH,1,Nov 2024 - Oct 2025,5387
WEGOVY,Under 20,FEMALE,OH,2,Nov 2023 - Oct 2024,1317
WEGOVY,Under 20,FEMALE,OH,3,Nov 2022 - Oct 2023,407
WEGOVY,Under 20,MALE,MI,1,Nov 2024 - Oct 2025,4068
WEGOVY,Under 20,MALE,MI,2,Nov 2023 - Oct 2024,1788
WEGOVY,Under 20,MALE,MI,3,Nov 2022 - Oct 2023,591
WEGOVY,Under 20,MALE,OH,1,Nov 2024 - Oct 2025,2983
WEGOVY,Under 20,MALE,OH,2,Nov 2023 - Oct 2024,646
WEGOVY,Under 20,MALE,OH,3,Nov 2022 - Oct 2023,214
WEGOVY,Unspecified,FEMALE,MI,2,Nov 2023 - Oct 2024,16
WEGOVY,Unspecified,FEMALE,MI,3,Nov 2022 - Oct 2023,46
WEGOVY,Unspecified,FEMALE,OH,1,Nov 2024 - Oct 2025,0
WEGOVY,Unspecified,FEMALE,OH,2,Nov 2023 - Oct 2024,145
WEGOVY,Unspecified,FEMALE,OH,3,Nov 2022 - Oct 2023,187
WEGOVY,Unspecified,MALE,MI,2,Nov 2023 - Oct 2024,11
WEGOVY,Unspecified,MALE,MI,3,Nov 2022 - Oct 2023,22
WEGOVY,Unspecified,MALE,OH,2,Nov 2023 - Oct 2024,65
WEGOVY,Unspecified,MALE,OH,3,Nov 2022 - Oct 2023,37
WEGOVY,Unspecified,UNKNOWN,MI,1,Nov 2024 - Oct 2025,2370
WEGOVY,Unspecified,UNKNOWN,MI,2,Nov 2023 - Oct 2024,2188
WEGOVY,Unspecified,UNKNOWN,MI,3,Nov 2022 - Oct 2023,1284
WEGOVY,Unspecified,UNKNOWN,OH,2,Nov 2023 - Oct 2024,18
WEGOVY,Unspecified,UNKNOWN,OH,3,Nov 2022 - Oct 2023,26
ZEPBOUND,20 to 39,FEMALE,MI,1,Nov 2024 - Oct 2025,110676
ZEPBOUND,20 to 39,FEMALE,MI,2,Nov 2023 - Oct 2024,42339
ZEPBOUND,20 to 39,FEMALE,OH,1,Nov 2024 - Oct 2025,389661
ZEPBOUND,20 to 39,FEMALE,OH,2,Nov 2023 - Oct 2024,24622
ZEPBOUND,20 to 39,MALE,MI,1,Nov 2024 - Oct 2025,26730
ZEPBOUND,20 to 39,MALE,MI,2,Nov 2023 - Oct 2024,9957
ZEPBOUND,20 to 39,MALE,OH,1,Nov 2024 - Oct 2025,104441
ZEPBOUND,20 to 39,MALE,OH,2,Nov 2023 - Oct 2024,6584
ZEPBOUND,20 to 39,UNKNOWN,MI,1,Nov 2024 - Oct 2025,38
ZEPBOUND,20 to 39,UNKNOWN,MI,2,Nov 2023 - Oct 2024,7
ZEPBOUND,20 to 39,UNKNOWN,OH,1,Nov 2024 - Oct 2025,1046
ZEPBOUND,20 to 39,UNKNOWN,OH,2,Nov 2023 - Oct 2024,5
ZEPBOUND,40 to 59,FEMALE,MI,1,Nov 2024 - Oct 2025,202319
ZEPBOUND,40 to 59,FEMALE,MI,2,Nov 2023 - Oct 2024,101321
ZEPBOUND,40 to 59,FEMALE,OH,1,Nov 2024 - Oct 2025,1085130
ZEPBOUND,40 to 59,FEMALE,OH,2,Nov 2023 - Oct 2024,59077
ZEPBOUND,40 to 59,MALE,MI,1,Nov 2024 - Oct 2025,68649
ZEPBOUND,40 to 59,MALE,MI,2,Nov 2023 - Oct 2024,29931
ZEPBOUND,40 to 59,MALE,OH,1,Nov 2024 - Oct 2025,340633
ZEPBOUND,40 to 59,MALE,OH,2,Nov 2023 - Oct 2024,17650
ZEPBOUND,40 to 59,UNKNOWN,MI,1,Nov 2024 - Oct 2025,18
ZEPBOUND,40 to 59,UNKNOWN,MI,2,Nov 2023 - Oct 2024,6
ZEPBOUND,40 to 59,UNKNOWN,OH,1,Nov 2024 - Oct 2025,2854
ZEPBOUND,40 to 59,UNKNOWN,OH,2,Nov 2023 - Oct 2024,8
ZEPBOUND,60 to 64,FEMALE,MI,1,Nov 2024 - Oct 2025,33822
ZEPBOUND,60 to 64,FEMALE,MI,2,Nov 2023 - Oct 2024,15109
ZEPBOUND,60 to 64,FEMALE,OH,1,Nov 2024 - Oct 2025,233240
ZEPBOUND,60 to 64,FEMALE,OH,2,Nov 2023 - Oct 2024,9225
ZEPBOUND,60 to 64,MALE,MI,1,Nov 2024 - Oct 2025,12720
ZEPBOUND,60 to 64,MALE,MI,2,Nov 2023 - Oct 2024,5221
ZEPBOUND,60 to 64,MALE,OH,1,Nov 2024 - Oct 2025,81326
ZEPBOUND,60 to 64,MALE,OH,2,Nov 2023 - Oct 2024,2999
ZEPBOUND,60 to 64,UNKNOWN,MI,1,Nov 2024 - Oct 2025,3
ZEPBOUND,60 to 64,UNKNOWN,MI,2,Nov 2023 - Oct 2024,5
ZEPBOUND,60 to 64,UNKNOWN,OH,1,Nov 2024 - Oct 2025,392
ZEPBOUND,65 to 74,FEMALE,MI,1,Nov 2024 - Oct 2025,20438
ZEPBOUND,65 to 74,FEMALE,MI,2,Nov 2023 - Oct 2024,6478
ZEPBOUND,65 to 74,FEMALE,OH,1,Nov 2024 - Oct 2025,345572
ZEPBOUND,65 to 74,FEMALE,OH,2,Nov 2023 - Oct 2024,4481
ZEPBOUND,65 to 74,MALE,MI,1,Nov 2024 - Oct 2025,10170
ZEPBOUND,65 to 74,MALE,MI,2,Nov 2023 - Oct 2024,2581
ZEPBOUND,65 to 74,MALE,OH,1,Nov 2024 - Oct 2025,122985
ZEPBOUND,65 to 74,MALE,OH,2,Nov 2023 - Oct 2024,1649
ZEPBOUND,65 to 74,UNKNOWN,MI,1,Nov 2024 - Oct 2025,2
ZEPBOUND,65 to 74,UNKNOWN,MI,2,Nov 2023 - Oct 2024,2
ZEPBOUND,65 to 74,UNKNOWN,OH,1,Nov 2024 - Oct 2025,529
ZEPBOUND,75 to 84,FEMALE,MI,1,Nov 2024 - Oct 2025,3501
ZEPBOUND,75 to 84,FEMALE,MI,2,Nov 2023 - Oct 2024,763
ZEPBOUND,75 to 84,FEMALE,OH,1,Nov 2024 - Oct 2025,81800
ZEPBOUND,75 to 84,FEMALE,OH,2,Nov 2023 - Oct 2024,645
ZEPBOUND,75 to 84,MALE,MI,1,Nov 2024 - Oct 2025,2068
ZEPBOUND,75 to 84,MALE,MI,2,Nov 2023 - Oct 2024,351
ZEPBOUND,75 to 84,MALE,OH,1,Nov 2024 - Oct 2025,35514
ZEPBOUND,75 to 84,MALE,OH,2,Nov 2023 - Oct 2024,237
ZEPBOUND,75 to 84,UNKNOWN,MI,1,Nov 2024 - Oct 2025,2
ZEPBOUND,75 to 84,UNKNOWN,OH,1,Nov 2024 - Oct 2025,101
ZEPBOUND,85+,FEMALE,MI,1,Nov 2024 - Oct 2025,114
ZEPBOUND,85+,FEMALE,MI,2,Nov 2023 - Oct 2024,15
ZEPBOUND,85+,FEMALE,OH,1,Nov 2024 - Oct 2025,2609
ZEPBOUND,85+,FEMALE,OH,2,Nov 2023 - Oct 2024,21
ZEPBOUND,85+,MALE,MI,1,Nov 2024 - Oct 2025,76
ZEPBOUND,85+,MALE,MI,2,Nov 2023 - Oct 2024,4
ZEPBOUND,85+,MALE,OH,1,Nov 2024 - Oct 2025,1692
ZEPBOUND,85+,MALE,OH,2,Nov 2023 - Oct 2024,18
ZEPBOUND,Under 20,FEMALE,MI,1,Nov 2024 - Oct 2025,1722
ZEPBOUND,Under 20,FEMALE,MI,2,Nov 2023 - Oct 2024,502
ZEPBOUND,Under 20,FEMALE,OH,1,Nov 2024 - Oct 2025,4274
ZEPBOUND,Under 20,FEMALE,OH,2,Nov 2023 - Oct 2024,241
ZEPBOUND,Under 20,MALE,MI,1,Nov 2024 - Oct 2025,469
ZEPBOUND,Under 20,MALE,MI,2,Nov 2023 - Oct 2024,183
ZEPBOUND,Under 20,MALE,OH,1,Nov 2024 - Oct 2025,1248
ZEPBOUND,Under 20,MALE,OH,2,Nov 2023 - Oct 2024,78
ZEPBOUND,Under 20,UNKNOWN,OH,1,Nov 2024 - Oct 2025,17
ZEPBOUND,Unspecified,FEMALE,OH,2,Nov 2023 - Oct 2024,76
ZEPBOUND,Unspecified,MALE,OH,2,Nov 2023 - Oct 2024,33
ZEPBOUND,Unspecified,UNKNOWN,MI,1,Nov 2024 - Oct 2025,1321
ZEPBOUND,Unspecified,UNKNOWN,MI,2,Nov 2023 - Oct 2024,672
ZEPBOUND,Unspecified,UNKNOWN,OH,2,Nov 2023 - Oct 2024,21
